<?xml version="1.0" encoding="UTF-8"?>
<GenRun Id="impl_1" LaunchPart="xc7a35tcpg236-1" LaunchTime="1662656940">
  <File Type="BITSTR-BMM" Name="orGate_bd.bmm"/>
  <File Type="OPT-METHODOLOGY-DRC" Name="orGate_methodology_drc_opted.rpt"/>
  <File Type="INIT-TIMING" Name="orGate_timing_summary_init.rpt"/>
  <File Type="ROUTE-PWR" Name="orGate_power_routed.rpt"/>
  <File Type="PA-TCL" Name="orGate.tcl"/>
  <File Type="OPT-TIMING" Name="orGate_timing_summary_opted.rpt"/>
  <File Type="OPT-DCP" Name="orGate_opt.dcp"/>
  <File Type="ROUTE-PWR-SUM" Name="orGate_power_summary_routed.pb"/>
  <File Type="REPORTS-TCL" Name="orGate_reports.tcl"/>
  <File Type="OPT-DRC" Name="orGate_drc_opted.rpt"/>
  <File Type="OPT-HWDEF" Name="orGate.hwdef"/>
  <File Type="PWROPT-DCP" Name="orGate_pwropt.dcp"/>
  <File Type="PWROPT-DRC" Name="orGate_drc_pwropted.rpt"/>
  <File Type="PWROPT-TIMING" Name="orGate_timing_summary_pwropted.rpt"/>
  <File Type="PLACE-DCP" Name="orGate_placed.dcp"/>
  <File Type="PLACE-IO" Name="orGate_io_placed.rpt"/>
  <File Type="PLACE-CLK" Name="orGate_clock_utilization_placed.rpt"/>
  <File Type="PLACE-UTIL" Name="orGate_utilization_placed.rpt"/>
  <File Type="PLACE-UTIL-PB" Name="orGate_utilization_placed.pb"/>
  <File Type="PLACE-CTRL" Name="orGate_control_sets_placed.rpt"/>
  <File Type="PLACE-SIMILARITY" Name="orGate_incremental_reuse_placed.rpt"/>
  <File Type="PLACE-PRE-SIMILARITY" Name="orGate_incremental_reuse_pre_placed.rpt"/>
  <File Type="BG-BGN" Name="orGate.bgn"/>
  <File Type="PLACE-TIMING" Name="orGate_timing_summary_placed.rpt"/>
  <File Type="POSTPLACE-PWROPT-DCP" Name="orGate_postplace_pwropt.dcp"/>
  <File Type="BG-BIN" Name="orGate.bin"/>
  <File Type="POSTPLACE-PWROPT-TIMING" Name="orGate_timing_summary_postplace_pwropted.rpt"/>
  <File Type="PHYSOPT-DCP" Name="orGate_physopt.dcp"/>
  <File Type="PHYSOPT-DRC" Name="orGate_drc_physopted.rpt"/>
  <File Type="BITSTR-MSK" Name="orGate.msk"/>
  <File Type="PHYSOPT-TIMING" Name="orGate_timing_summary_physopted.rpt"/>
  <File Type="ROUTE-ERROR-DCP" Name="orGate_routed_error.dcp"/>
  <File Type="ROUTE-DCP" Name="orGate_routed.dcp"/>
  <File Type="ROUTE-BLACKBOX-DCP" Name="orGate_routed_bb.dcp"/>
  <File Type="ROUTE-DRC" Name="orGate_drc_routed.rpt"/>
  <File Type="ROUTE-DRC-PB" Name="orGate_drc_routed.pb"/>
  <File Type="BITSTR-LTX" Name="debug_nets.ltx"/>
  <File Type="BITSTR-LTX" Name="orGate.ltx"/>
  <File Type="ROUTE-DRC-RPX" Name="orGate_drc_routed.rpx"/>
  <File Type="BITSTR-MMI" Name="orGate.mmi"/>
  <File Type="ROUTE-METHODOLOGY-DRC" Name="orGate_methodology_drc_routed.rpt"/>
  <File Type="ROUTE-METHODOLOGY-DRC-RPX" Name="orGate_methodology_drc_routed.rpx"/>
  <File Type="BITSTR-SYSDEF" Name="orGate.sysdef"/>
  <File Type="ROUTE-METHODOLOGY-DRC-PB" Name="orGate_methodology_drc_routed.pb"/>
  <File Type="ROUTE-PWR-RPX" Name="orGate_power_routed.rpx"/>
  <File Type="ROUTE-STATUS" Name="orGate_route_status.rpt"/>
  <File Type="ROUTE-STATUS-PB" Name="orGate_route_status.pb"/>
  <File Type="ROUTE-TIMINGSUMMARY" Name="orGate_timing_summary_routed.rpt"/>
  <File Type="ROUTE-TIMING-PB" Name="orGate_timing_summary_routed.pb"/>
  <File Type="ROUTE-TIMING-RPX" Name="orGate_timing_summary_routed.rpx"/>
  <File Type="ROUTE-SIMILARITY" Name="orGate_incremental_reuse_routed.rpt"/>
  <File Type="ROUTE-CLK" Name="orGate_clock_utilization_routed.rpt"/>
  <File Type="ROUTE-BUS-SKEW" Name="orGate_bus_skew_routed.rpt"/>
  <File Type="ROUTE-BUS-SKEW-PB" Name="orGate_bus_skew_routed.pb"/>
  <File Type="ROUTE-BUS-SKEW-RPX" Name="orGate_bus_skew_routed.rpx"/>
  <File Type="POSTROUTE-PHYSOPT-DCP" Name="orGate_postroute_physopt.dcp"/>
  <File Type="POSTROUTE-PHYSOPT-BLACKBOX-DCP" Name="orGate_postroute_physopt_bb.dcp"/>
  <File Type="POSTROUTE-PHYSOPT-TIMING" Name="orGate_timing_summary_postroute_physopted.rpt"/>
  <File Type="POSTROUTE-PHYSOPT-TIMING-PB" Name="orGate_timing_summary_postroute_physopted.pb"/>
  <File Type="POSTROUTE-PHYSOPT-TIMING-RPX" Name="orGate_timing_summary_postroute_physopted.rpx"/>
  <File Type="POSTROUTE-PHYSOPT-BUS-SKEW" Name="orGate_bus_skew_postroute_physopted.rpt"/>
  <File Type="POSTROUTE-PHYSOPT-BUS-SKEW-PB" Name="orGate_bus_skew_postroute_physopted.pb"/>
  <File Type="BG-BIT" Name="orGate.bit"/>
  <File Type="POSTROUTE-PHYSOPT-BUS-SKEW-RPX" Name="orGate_bus_skew_postroute_physopted.rpx"/>
  <File Type="BITSTR-RBT" Name="orGate.rbt"/>
  <File Type="BITSTR-NKY" Name="orGate.nky"/>
  <File Type="BG-DRC" Name="orGate.drc"/>
  <File Type="RDI-RDI" Name="orGate.vdi"/>
  <File Type="WBT-USG" Name="usage_statistics_webtalk.html"/>
  <FileSet Name="sources" Type="DesignSrcs" RelSrcDir="$PSRCDIR/sources_1">
    <Filter Type="Srcs"/>
    <File Path="$PSRCDIR/sources_1/new/orGate.vhd">
      <FileInfo>
        <Attr Name="UsedIn" Val="synthesis"/>
        <Attr Name="UsedIn" Val="simulation"/>
      </FileInfo>
    </File>
    <Config>
      <Option Name="DesignMode" Val="RTL"/>
      <Option Name="TopModule" Val="orGate"/>
      <Option Name="TopAutoSet" Val="TRUE"/>
    </Config>
  </FileSet>
  <FileSet Name="constrs_in" Type="Constrs" RelSrcDir="$PSRCDIR/constrs_1">
    <Filter Type="Constrs"/>
    <File Path="$PPRDIR/../Resources/Basys3_Master.xdc">
      <FileInfo>
        <Attr Name="UsedIn" Val="synthesis"/>
        <Attr Name="UsedIn" Val="implementation"/>
      </FileInfo>
    </File>
    <Config>
      <Option Name="ConstrsType" Val="XDC"/>
    </Config>
  </FileSet>
  <FileSet Name="utils" Type="Utils" RelSrcDir="$PSRCDIR/utils_1">
    <Filter Type="Utils"/>
    <Config>
      <Option Name="TopAutoSet" Val="TRUE"/>
    </Config>
  </FileSet>
  <Strategy Version="1" Minor="2">
    <StratHandle Name="Vivado Implementation Defaults" Flow="Vivado Implementation 2019"/>
    <Step Id="init_design"/>
    <Step Id="opt_design"/>
    <Step Id="power_opt_design"/>
    <Step Id="place_design"/>
    <Step Id="post_place_power_opt_design"/>
    <Step Id="phys_opt_design"/>
    <Step Id="route_design"/>
    <Step Id="post_route_phys_opt_design"/>
    <Step Id="write_bitstream"/>
  </Strategy>
</GenRun>
